txt_filename,oel_code,OK or NOT OK,Notes,Parameter
AHT20_2025-04-06-20-23-34.txt,"NEW_SENSOR = AHT20;PROTOCOL = I2C;SENSOR_ADDR = 0x38;INIT_CMD = ();NEW_SENSOR_READ;READ_CMD = (0xAC, 0x33, 0x00, 0x00, 0x00, 0x00, 0x00, 0x00, 0x00);DATA_LEN = 6;DATA_KEY_VAL = (0: ""Humidity"", 1: ""Temperature"");DATA_FORMAT = (0: [8:27], 1: [28:47]);SCALE_FORMAT = (0: ""X 100 * 1048576 /"", 1: ""X 200 * 1048576 / 50 -"");",OK,,
AHT20_2025-04-06-20-36-26.txt,"NEW_SENSOR = AHT20;PROTOCOL = I2C;SENSOR_ADDR = 0x38;INIT_CMD = ();NEW_SENSOR_READ;READ_CMD = (0xAC, 0x33, 0x00);DATA_LEN = 6;DATA_KEY_VAL = (0: ""Humidity"", 1: ""Temperature"");DATA_FORMAT = (0: [8:27], 1: [28:47]);SCALE_FORMAT = (0: ""X 100 * 1048576 /"", 1: ""X 200 * 1048576 / 50 -"");",OK,,
AHT20_2025-04-06-20-48-59.txt,"NEW_SENSOR = AHT20;PROTOCOL = I2C;SENSOR_ADDR = 0x38;INIT_CMD = ();NEW_SENSOR_READ;READ_CMD = (0xAC, 0x33, 0x00);DATA_LEN = 6;DATA_KEY_VAL = (0: ""Humidity"", 1: ""Temperature"");DATA_FORMAT = (0: [8:27], 1: [28:47]);SCALE_FORMAT = (0: ""X 100 * 1048576 /"", 1: ""X 200 * 1048576 / 50 -"");",OK,,
AHT20_2025-04-06-21-02-12.txt,"NEW_SENSOR = AHT20;PROTOCOL = I2C;SENSOR_ADDR = 0x38;INIT_CMD = ();NEW_SENSOR_READ;READ_CMD = (0xAC, 0x33, 0x00);DATA_LEN = 6;DATA_KEY_VAL = (0: ""Humidity"", 1: ""Temperature"");DATA_FORMAT = (0: [8:27], 1: [28:47]);SCALE_FORMAT = (0: ""X 100 * 1048576 /"", 1: ""X 200 * 1048576 / 50 -"");",OK,,
AHT20_2025-04-06-21-15-47.txt,"NEW_SENSOR = AHT20;PROTOCOL = I2C;SENSOR_ADDR = 0x38;INIT_CMD = ();NEW_SENSOR_READ;READ_CMD = (0xAC, 0x33, 0x00);DATA_LEN = 6;DATA_KEY_VAL = (0: ""RelativeHumidity"", 1: ""Temperature"");DATA_FORMAT = (0: [8:27], 1: [28:47]);SCALE_FORMAT = (0: ""X 100 * 1048576 /"", 1: ""X 200 * 1048576 / 50 -"");",OK,,
AHT20_2025-04-06-21-28-12.txt,"NEW_SENSOR = AHT20;PROTOCOL = I2C;SENSOR_ADDR = 0x38;INIT_CMD = ();NEW_SENSOR_READ;READ_CMD = (0xAC, 0x33, 0x00);DATA_LEN = 6;DATA_KEY_VAL = (0: ""Humidity"", 1: ""Temperature"");DATA_FORMAT = (0: [8:27], 1: [28:47]);SCALE_FORMAT = (0: ""X 100 1048576 / *"", 1: ""X 200 1048576 / * 50 -"");",OK,,
AHT20_2025-04-06-21-43-01.txt,"NEW_SENSOR = AHT20;PROTOCOL = I2C;SENSOR_ADDR = 0x38;INIT_CMD = ();NEW_SENSOR_READ;READ_CMD = (0xAC, 0x33, 0x00);DATA_LEN = 6;DATA_KEY_VAL = (0: ""Humidity"", 1: ""Temperature"");DATA_FORMAT = (0: [8:27], 1: [28:47]);SCALE_FORMAT = (0: ""X 20 >> 100 * 1048576 /"", 1: ""X 1048575 & 200 * 1048576 / 50 -"");",NOT OK,Wrong Conversion,Humidity
AHT20_2025-04-06-21-57-59.txt,"NEW_SENSOR = AHT20;PROTOCOL = I2C;SENSOR_ADDR = 0x38;INIT_CMD = ();NEW_SENSOR_READ;READ_CMD = (0xAC, 0x33, 0x00, 0x00, 0x00, 0x00, 0x00, 0x00, 0x00);DATA_LEN = 6;DATA_KEY_VAL = (0: ""RelativeHumidity"", 1: ""Temperature"");DATA_FORMAT = (0: [8:27], 1: [28:47]);SCALE_FORMAT = (0: ""X 100 * 1048576 /"", 1: ""X 200 * 1048576 / 50 -"");",OK,,
AHT20_2025-04-06-22-12-00.txt,"NEW_SENSOR = AHT20;PROTOCOL = I2C;SENSOR_ADDR = 0x38;INIT_CMD = (0xBA, 0xE1, 0x08, 0x00, 0x71);NEW_SENSOR_READ;READ_CMD = (0xAC, 0x33, 0x00);DATA_LEN = 6;DATA_KEY_VAL = (0: ""Humidity"", 1: ""Temperature"");DATA_FORMAT = (0: [8:27], 1: [28:47]);SCALE_FORMAT = (0: ""X 100 * 1048576 /"", 1: ""X 200 * 1048576 / 50 -"");",OK,,
AHT20_2025-04-06-22-24-44.txt,"NEW_SENSOR = AHT20;PROTOCOL = I2C;SENSOR_ADDR = 0x38;INIT_CMD = ();NEW_SENSOR_READ;READ_CMD = (0xAC, 0x33, 0x00);DATA_LEN = 6;DATA_KEY_VAL = (0: ""RelativeHumidity"", 1: ""Temperature"");DATA_FORMAT = (0: [8:27], 1: [28:47]);SCALE_FORMAT = (0: ""X 100 * 1048576 /"", 1: ""X 200 * 1048576 / 50 -"");",OK,,
MCP9808_2025-04-06-20-26-59.txt,"NEW_SENSOR = MCP9808;PROTOCOL = I2C;SENSOR_ADDR = 0x18;INIT_CMD = ();NEW_SENSOR_READ;READ_CMD = (0x05, 0x1A, 0xF8);DATA_LEN = 2;DATA_KEY_VAL = (0: ""Temperature"");DATA_FORMAT = (0: [4:15]);SCALE_FORMAT = (0: ""X X 2048 / 4096 * - 0.0625 *"");",NOT OK,Negative Value,Temperature
MCP9808_2025-04-06-20-39-38.txt,"NEW_SENSOR = MCP9808;PROTOCOL = I2C;SENSOR_ADDR = 0x18;INIT_CMD = ();NEW_SENSOR_READ;READ_CMD = ();DATA_LEN = 2;DATA_KEY_VAL = (0: ""Temperature"");DATA_FORMAT = (0: [4:15]);SCALE_FORMAT = (0: ""X 4096 % 0.0625 *"");",OK,,
MCP9808_2025-04-06-20-52-35.txt,"NEW_SENSOR = MCP9808;PROTOCOL = I2C;SENSOR_ADDR = 0x18;INIT_CMD = ();NEW_SENSOR_READ;READ_CMD = ();DATA_LEN = 2;DATA_KEY_VAL = (0: ""Temperature"");DATA_FORMAT = (0: [4:15]);SCALE_FORMAT = (0: ""X X 2048 / 4096 * - 0.0625 *"");",OK,Negative Value,Temperature
MCP9808_2025-04-06-21-05-18.txt,"NEW_SENSOR = MCP9808;PROTOCOL = I2C;SENSOR_ADDR = 0x18;INIT_CMD = ();NEW_SENSOR_READ;READ_CMD = ();DATA_LEN = 2;DATA_KEY_VAL = (0: ""Temperature"");DATA_FORMAT = (0: [3:15]);SCALE_FORMAT = (0: ""X 4096 + 8192 % 4096 - 16 /"");",OK,,
MCP9808_2025-04-06-21-18-41.txt,"NEW_SENSOR = MCP9808;PROTOCOL = I2C;SENSOR_ADDR = 0x18;INIT_CMD = ();NEW_SENSOR_READ;READ_CMD = (0x05);DATA_LEN = 2;DATA_KEY_VAL = (0: ""Temperature"");DATA_FORMAT = (0: [3:15]);SCALE_FORMAT = (0: ""X 4095 & X 12 >> 4096 * - 0.0625 *"");",OK,,
MCP9808_2025-04-06-21-31-32.txt,"NEW_SENSOR = MCP9808;PROTOCOL = I2C;SENSOR_ADDR = 0x18;INIT_CMD = ();NEW_SENSOR_READ;READ_CMD = ();DATA_LEN = 2;DATA_KEY_VAL = (0: ""Temperature"");DATA_FORMAT = (0: [4:15]);SCALE_FORMAT = (0: ""X 0.0625 *"");",OK,,
MCP9808_2025-04-06-21-47-11.txt,"NEW_SENSOR = MCP9808;PROTOCOL = I2C;SENSOR_ADDR = 0x18;INIT_CMD = ();NEW_SENSOR_READ;READ_CMD = ();DATA_LEN = 2;DATA_KEY_VAL = (0: ""Temperature"");DATA_FORMAT = (0: [4:15]);SCALE_FORMAT = (0: ""X 16 /"");",OK,,
MCP9808_2025-04-06-22-01-56.txt,"NEW_SENSOR = MCP9808;PROTOCOL = I2C;SENSOR_ADDR = 0x18;INIT_CMD = ();NEW_SENSOR_READ;READ_CMD = (0x05, 0x01, 0x90);DATA_LEN = 2;DATA_KEY_VAL = (0: ""Temperature"");DATA_FORMAT = (0: [3:15]);SCALE_FORMAT = (0: ""X 4 >> X 15 & 16 / +"");",OK,,
MCP9808_2025-04-06-22-15-06.txt,"NEW_SENSOR = MCP9808;PROTOCOL = I2C;SENSOR_ADDR = 0x18;INIT_CMD = ();NEW_SENSOR_READ;READ_CMD = (0x05);DATA_LEN = 2;DATA_KEY_VAL = (0: ""Temperature"");DATA_FORMAT = (0: [4:15]);SCALE_FORMAT = (0: ""X 0.0625 *"");",OK,,
MCP9808_2025-04-06-22-28-24.txt,"NEW_SENSOR = MCP9808;PROTOCOL = I2C;SENSOR_ADDR = 0x18;INIT_CMD = ();NEW_SENSOR_READ;READ_CMD = (0x05, 0x1A, 0xC0);DATA_LEN = 2;DATA_KEY_VAL = (0: ""Temperature"");DATA_FORMAT = (0: [3:15]);SCALE_FORMAT = (0: ""X 4 >> X 16 % 16 / +"");",OK,,
SHT31_2025-04-06-20-17-25.txt,"NEW_SENSOR = SHT31;PROTOCOL = I2C;SENSOR_ADDR = 0x44;INIT_CMD = ();NEW_SENSOR_READ;READ_CMD = (0x2C, 0x06);DATA_LEN = 6;DATA_KEY_VAL = (0: ""Temperature"", 1: ""Humidity"");DATA_FORMAT = (0: [0:15], 1: [24:39]);SCALE_FORMAT = (0: ""X 175 * 65535 / -45 +"", 1: ""X 100 * 65535 /"");",OK,,
SHT31_2025-04-06-20-42-15.txt,"NEW_SENSOR = SHT31;PROTOCOL = I2C;SENSOR_ADDR = 0x44;INIT_CMD = ();NEW_SENSOR_READ;READ_CMD = (0x24, 0x00);DATA_LEN = 6;DATA_KEY_VAL = (0: ""Temperature"", 1: ""RelativeHumidity"");DATA_FORMAT = (0: [0:15], 1: [24:39]);SCALE_FORMAT = (0: ""X 65535 / 175 * -45 +"", 1: ""X 65535 / 100 *"");",OK,,
SHT31_2025-04-06-20-55-51.txt,"NEW_SENSOR = SHT31;PROTOCOL = I2C;SENSOR_ADDR = 0x44;INIT_CMD = ();NEW_SENSOR_READ;READ_CMD = (0x24, 0x00);DATA_LEN = 6;DATA_KEY_VAL = (0: ""Temperature"", 1: ""Humidity"");DATA_FORMAT = (0: [0:15], 1: [24:39]);SCALE_FORMAT = (0: ""X 175 * 65535 / -45 +"", 1: ""X 100 * 65535 /"");",OK,,
SHT31_2025-04-06-21-08-48.txt,"NEW_SENSOR = SHT31;PROTOCOL = I2C;SENSOR_ADDR = 0x44;INIT_CMD = ();NEW_SENSOR_READ;READ_CMD = (0x2C, 0x06);DATA_LEN = 6;DATA_KEY_VAL = (0: ""Temperature"", 1: ""Humidity"");DATA_FORMAT = (0: [0:15], 1: [24:39]);SCALE_FORMAT = (0: ""X 175 * 65535 / -45 +"", 1: ""X 100 * 65535 /"");",OK,,
SHT31_2025-04-06-21-22-03.txt,"NEW_SENSOR = SHT31;PROTOCOL = I2C;SENSOR_ADDR = 0x44;INIT_CMD = ();NEW_SENSOR_READ;READ_CMD = (0x2C, 0x06);DATA_LEN = 6;DATA_KEY_VAL = (0: ""Temperature"", 1: ""RelativeHumidity"");DATA_FORMAT = (0: [0:15], 1: [24:39]);SCALE_FORMAT = (0: ""X 175 * 65535 / -45 +"", 1: ""X 100 * 65535 /"");",OK,,
SHT31_2025-04-06-21-35-30.txt,"NEW_SENSOR = SHT31;PROTOCOL = I2C;SENSOR_ADDR = 0x44;INIT_CMD = ();NEW_SENSOR_READ;READ_CMD = (0x24, 0x00);DATA_LEN = 6;DATA_KEY_VAL = (0: ""Temperature"", 1: ""Humidity"");DATA_FORMAT = (0: [32:47], 1: [32:47]);SCALE_FORMAT = (0: ""X 175 * 65535 / -45 +"", 1: ""X 100 * 65535 /"");",NOT OK,Wrong Data Range,All
SHT31_2025-04-06-21-50-19.txt,"NEW_SENSOR = SHT31;PROTOCOL = I2C;SENSOR_ADDR = 0x44;INIT_CMD = ();NEW_SENSOR_READ;READ_CMD = (0x24, 0x00);DATA_LEN = 6;DATA_KEY_VAL = (0: ""Temperature"", 1: ""Humidity"");DATA_FORMAT = (0: [0:15], 1: [24:39]);SCALE_FORMAT = (0: ""X 175 * 65535 / -45 +"", 1: ""X 100 * 65535 /"");",OK,,
SHT31_2025-04-06-22-05-36.txt,"NEW_SENSOR = SHT31;PROTOCOL = I2C;SENSOR_ADDR = 0x44;INIT_CMD = ();NEW_SENSOR_READ;READ_CMD = (0x24, 0x00);DATA_LEN = 6;DATA_KEY_VAL = (0: ""Temperature"", 1: ""Humidity"");DATA_FORMAT = (0: [16:31], 1: [32:47]);SCALE_FORMAT = (0: ""X 175 * 65535 / -45 +"", 1: ""X 100 * 65535 /"");",NOT OK,Wrong Data Range,All
SHT31_2025-04-06-22-18-10.txt,"NEW_SENSOR = SHT31;PROTOCOL = I2C;SENSOR_ADDR = 0x44;INIT_CMD = ();NEW_SENSOR_READ;READ_CMD = (0x2C, 0x06);DATA_LEN = 6;DATA_KEY_VAL = (0: ""Temperature"", 1: ""Humidity"");DATA_FORMAT = (0: [0:15], 1: [24:39]);SCALE_FORMAT = (0: ""X 175 * 65535 / -45 +"", 1: ""X 65535 / 100 *"");",OK,,
SHT31_2025-04-06-22-32-17.txt,"NEW_SENSOR = SHT31;PROTOCOL = I2C;SENSOR_ADDR = 0x44;INIT_CMD = ();NEW_SENSOR_READ;READ_CMD = (0x24, 0x00);DATA_LEN = 6;DATA_KEY_VAL = (0: ""Temperature"", 1: ""RelativeHumidity"");DATA_FORMAT = (0: [0:15], 1: [24:39]);SCALE_FORMAT = (0: ""X 175 * 65535 / -45 +"", 1: ""X 100 * 65535 /"");",OK,,
TMP102_2025-04-06-20-30-31.txt,"NEW_SENSOR = TMP102;PROTOCOL = I2C;SENSOR_ADDR = 0x48;INIT_CMD = ();NEW_SENSOR_READ;READ_CMD = ();DATA_LEN = 2;DATA_KEY_VAL = (0: ""Temperature"");DATA_FORMAT = (0: [0:11]);SCALE_FORMAT = (0: ""X 2048 / 2 % 4096 * X - 0.0625 *"");",OK,,
TMP102_2025-04-06-20-45-11.txt,"NEW_SENSOR = TMP102;PROTOCOL = I2C;SENSOR_ADDR = 0x48;INIT_CMD = ();NEW_SENSOR_READ;READ_CMD = (0x00);DATA_LEN = 2;DATA_KEY_VAL = (0: ""Temperature"");DATA_FORMAT = (0: [0:11]);SCALE_FORMAT = (0: ""X 2047 & X 2048 & - 0.0625 *"");",OK,,
TMP102_2025-04-06-20-59-06.txt,"NEW_SENSOR = TMP102;PROTOCOL = I2C;SENSOR_ADDR = 0x48;INIT_CMD = ();NEW_SENSOR_READ;READ_CMD = (0x00);DATA_LEN = 2;DATA_KEY_VAL = (0: ""Temperature"");DATA_FORMAT = (0: [4:15]);SCALE_FORMAT = (0: ""X X 11 >> 4096 * - 0.0625 *"");",NOT OK,Wrong Data Range,Temperature
TMP102_2025-04-06-21-12-25.txt,"NEW_SENSOR = TMP102;PROTOCOL = I2C;SENSOR_ADDR = 0x48;INIT_CMD = ();NEW_SENSOR_READ;READ_CMD = (0x00, 0x00, 0x00);DATA_LEN = 2;DATA_KEY_VAL = (0: ""Temperature"");DATA_FORMAT = (0: [0:11]);SCALE_FORMAT = (0: ""X X 11 >> 4096 * - 0.0625 *"");",OK,,
TMP102_2025-04-06-21-25-02.txt,"NEW_SENSOR = TMP102;PROTOCOL = I2C;SENSOR_ADDR = 0x48;INIT_CMD = ();NEW_SENSOR_READ;READ_CMD = ();DATA_LEN = 2;DATA_KEY_VAL = (0: ""Temperature"");DATA_FORMAT = (0: [0:11]);SCALE_FORMAT = (0: ""X X 11 >> 4096 * - 0.0625 *"");",OK,,
TMP102_2025-04-06-21-38-56.txt,"NEW_SENSOR = TMP102;PROTOCOL = I2C;SENSOR_ADDR = 0x48;INIT_CMD = ();NEW_SENSOR_READ;READ_CMD = (0x00, 0x00, 0x00);DATA_LEN = 2;DATA_KEY_VAL = (0: ""Temperature"");DATA_FORMAT = (0: [0:11]);SCALE_FORMAT = (0: ""X 2047 & X 2048 & - 0.0625 *"");",OK,,
TMP102_2025-04-06-21-53-53.txt,"NEW_SENSOR = TMP102;PROTOCOL = I2C;SENSOR_ADDR = 0x48;INIT_CMD = ();NEW_SENSOR_READ;READ_CMD = (0x00, 0x00);DATA_LEN = 2;DATA_KEY_VAL = (0: ""Temperature"");DATA_FORMAT = (0: [0:11]);SCALE_FORMAT = (0: ""X X 11 >> 4096 * - 0.0625 *"");",OK,,
TMP102_2025-04-06-22-09-04.txt,"NEW_SENSOR = TMP102;PROTOCOL = I2C;SENSOR_ADDR = 0x48;INIT_CMD = ();NEW_SENSOR_READ;READ_CMD = ();DATA_LEN = 2;DATA_KEY_VAL = (0: ""Temperature"");DATA_FORMAT = (0: [0:11]);SCALE_FORMAT = (0: ""X X 11 >> 4096 * - 0.0625 *"");",OK,,
TMP102_2025-04-06-22-21-09.txt,"NEW_SENSOR = TMP102;PROTOCOL = I2C;SENSOR_ADDR = 0x48;INIT_CMD = ();NEW_SENSOR_READ;READ_CMD = (0x00);DATA_LEN = 2;DATA_KEY_VAL = (0: ""Temperature"");DATA_FORMAT = (0: [4:15]);SCALE_FORMAT = (0: ""X X 2048 / 4096 * - 0.0625 *"");",NOT OK,Wrong Data Range,Temperature
TMP102_2025-04-06-22-35-41.txt,"NEW_SENSOR = TMP102;PROTOCOL = I2C;SENSOR_ADDR = 0x48;INIT_CMD = ();NEW_SENSOR_READ;READ_CMD = ();DATA_LEN = 2;DATA_KEY_VAL = (0: ""Temperature"");DATA_FORMAT = (0: [0:11]);SCALE_FORMAT = (0: ""X 11 >> 4096 * X - 0.0625 *"");",NOT OK,Negative Value,Temperature
